Id,Name,ListHeaderId,Item,Uprice,Uom,MinQty,MaxQty,StartDateActive,CreatedAt,UpdatedAt
11215,INC - ECOMMERCE WEB SALES - MTO,2407721,PCTA59242/BXC,32.89,LBS,NULL,NULL,11/01/2022 00:00:00,2025-02-22 08:41:42.9826545,NULL
11216,INC - ECOMMERCE WEB SALES - MTO,2407721,PCTA60266/BXC,33.99,LBS,NULL,NULL,11/01/2022 00:00:00,2025-02-22 08:41:42.9826563,NULL
11217,INC - ECOMMERCE WEB SALES - MTO,2407721,PCUA90112/BXC,32.89,LBS,NULL,NULL,05/01/2023 00:00:00,2025-02-22 08:41:42.9826567,NULL
11218,INC - ECOMMERCE WEB SALES - MTO,2407721,PCTA70565/BXC,32.89,LBS,NULL,NULL,03/01/2023 00:00:00,2025-02-22 08:41:42.9826571,NULL
11219,INC - ECOMMERCE WEB SALES - MTO,2407721,PCTA69221/BXC,33.99,LBS,NULL,NULL,05/01/2023 00:00:00,2025-02-22 08:41:42.9826576,NULL
11220,INC - ECOMMERCE WEB SALES - MTO,2407721,PCTA30287/BXC,33.99,LBS,NULL,NULL,11/01/2022 00:00:00,2025-02-22 08:41:42.9826580,NULL
11221,INC - ECOMMERCE WEB SALES - MTO,2407721,PCTA49223/BXC,32.89,LBS,NULL,NULL,11/01/2022 00:00:00,2025-02-22 08:41:42.9826583,NULL
11223,INC - ECOMMERCE WEB SALES - MTO,2407721,PCUA90126/BXC,32.89,LBS,NULL,NULL,03/01/2023 00:00:00,2025-02-22 08:41:42.9826594,NULL
11224,INC - ECOMMERCE WEB SALES - MTO,2407721,PCTA39285/BXC,33.99,LBS,NULL,NULL,05/01/2023 00:00:00,2025-02-22 08:41:42.9826597,NULL
11225,INC - ECOMMERCE WEB SALES - MTO,2407721,PCTA89271/BXC,32.89,LBS,NULL,NULL,11/01/2022 00:00:00,2025-02-22 08:41:42.9826601,NULL
11226,INC - ECOMMERCE WEB SALES - MTO,2407721,PCTA80251/BXC,32.89,LBS,NULL,NULL,03/01/2023 00:00:00,2025-02-22 08:41:42.9826605,NULL
11227,INC - ECOMMERCE WEB SALES - MTO,2407721,PCTA59351/BXC,32.89,LBS,NULL,NULL,11/01/2022 00:00:00,2025-02-22 08:41:42.9826610,NULL
11228,INC - ECOMMERCE WEB SALES - MTO,2407721,PCTA79385/BXC,32.89,LBS,NULL,NULL,11/01/2022 00:00:00,2025-02-22 08:41:42.9826613,NULL
11229,INC - ECOMMERCE WEB SALES - MTO,2407721,PCTA70465/BXC,32.89,LBS,NULL,NULL,11/01/2022 00:00:00,2025-02-22 08:41:42.9826617,NULL
11230,INC - ECOMMERCE WEB SALES - MTO,2407721,PCTA70417/BXC,32.89,LBS,NULL,NULL,11/01/2022 00:00:00,2025-02-22 08:41:42.9826621,NULL
11231,INC - ECOMMERCE WEB SALES - MTO,2407721,PCTA79618/BXC,32.89,LBS,NULL,NULL,11/01/2022 00:00:00,2025-02-22 08:41:42.9826624,NULL
11232,INC - ECOMMERCE WEB SALES - MTO,2407721,PCTA23176/BXC,33.99,LBS,NULL,NULL,11/01/2022 00:00:00,2025-02-22 08:41:42.9826627,NULL
11233,INC - ECOMMERCE WEB SALES - MTO,2407721,PCTA80300/BXC,32.89,LBS,NULL,NULL,03/01/2023 00:00:00,2025-02-22 08:41:42.9826630,NULL
11234,INC - ECOMMERCE WEB SALES - MTO,2407721,PCTA40217/BXC,33.99,LBS,NULL,NULL,04/01/2023 00:00:00,2025-02-22 08:41:42.9826633,NULL
11235,INC - ECOMMERCE WEB SALES - MTO,2407721,PCTA29441/BXC,32.89,LBS,NULL,NULL,06/01/2023 00:00:00,2025-02-22 08:41:42.9826637,NULL
11236,INC - ECOMMERCE WEB SALES - MTO,2407721,PCTA73201/BXC,33.99,LBS,NULL,NULL,06/01/2023 00:00:00,2025-02-22 08:41:42.9826640,NULL
11237,INC - ECOMMERCE WEB SALES - MTO,2407721,PCTA20204/BXC,32.89,LBS,NULL,NULL,08/01/2023 00:00:00,2025-02-22 08:41:42.9826644,NULL
12871,INC - ECOMMERCE WEB SALES - MTO,2407721,PCTA89265/BXC,32.89,LBS,25,99999,07/18/2023 00:00:00,2025-02-22 08:42:18.8695723,NULL
12919,INC - ECOMMERCE WEB SALES - MTO,2407721,PCTA29742/BXC,32.89,LBS,25,99999,06/21/2023 00:00:00,2025-02-22 08:42:18.8695795,NULL
12927,INC - ECOMMERCE WEB SALES - MTO,2407721,PCTA40326/BXC,32.89,LBS,25,99999,11/01/2022 00:00:00,2025-02-22 08:42:18.8695805,NULL
13041,INC - ECOMMERCE WEB SALES - MTO,2407721,PCTA79775/BXC,32.89,LBS,25,99999,03/15/2023 00:00:00,2025-02-22 08:42:18.8695971,NULL
13059,INC - ECOMMERCE WEB SALES - MTO,2407721,PCTA40353/BXC,32.89,LBS,25,99999,02/20/2023 00:00:00,2025-02-22 08:42:18.8695995,NULL
13060,INC - ECOMMERCE WEB SALES - MTO,2407721,PCTA29341/BXC,32.89,LBS,25,99999,02/14/2023 00:00:00,2025-02-22 08:42:18.8695996,NULL
13061,INC - ECOMMERCE WEB SALES - MTO,2407721,PCTA39331/BXC,33.99,LBS,25,99999,02/14/2023 00:00:00,2025-02-22 08:42:18.8695997,NULL
13062,INC - ECOMMERCE WEB SALES - MTO,2407721,PCTA60159/BXC,33.99,LBS,25,99999,02/14/2023 00:00:00,2025-02-22 08:42:18.8695999,NULL
13063,INC - ECOMMERCE WEB SALES - MTO,2407721,PCTA89294/BXC,32.89,LBS,25,99999,02/14/2023 00:00:00,2025-02-22 08:42:18.8696001,NULL
13076,INC - ECOMMERCE WEB SALES - MTO,2407721,PCTA59568/BXC,32.89,LBS,25,99999,03/30/2023 00:00:00,2025-02-22 08:42:18.8696017,NULL
13222,INC - ECOMMERCE WEB SALES - MTO,2407721,PCTA39222/BXC,33.99,LBS,25,99999,11/01/2022 00:00:00,2025-02-22 08:42:30.4913109,NULL
13237,INC - ECOMMERCE WEB SALES - MTO,2407721,PCUT93103/BXC,23.61,LBS,25,99999,07/09/2024 00:00:00,2025-02-22 08:42:30.4913143,NULL
13918,INC - ECOMMERCE WEB SALES - MTO,2407721,PCTA44103/BXC,33.99,LBS,25,99999,11/01/2022 00:00:00,2025-02-22 08:42:41.8114996,NULL
13960,INC - ECOMMERCE WEB SALES - MTO,2407721,PCTA49433/BXC,32.89,LBS,25,99999,11/01/2022 00:00:00,2025-02-22 08:42:41.8115050,NULL
14132,INC - ECOMMERCE WEB SALES - MTO,2407721,PCTA20349/BXC,32.89,LBS,25,99999,11/01/2022 00:00:00,2025-02-22 08:42:41.8115260,NULL
14429,INC - ECOMMERCE WEB SALES - MTO,2407721,PCTA49202/BXC,32.89,LBS,25,99999,11/01/2022 00:00:00,2025-02-22 08:42:54.6923720,NULL
15538,INC - ECOMMERCE WEB SALES - MTO,2407721,PCTA23152/BXC,33.99,LBS,25,99999,11/01/2022 00:00:00,2025-02-22 08:43:20.9684586,NULL
15646,INC - ECOMMERCE WEB SALES - MTO,2407721,PCTA29608/BXC,32.89,LBS,25,99999,11/01/2022 00:00:00,2025-02-22 08:43:20.9684847,NULL
15675,INC - ECOMMERCE WEB SALES - MTO,2407721,PCTA29615/BXC,32.89,LBS,25,99999,11/01/2022 00:00:00,2025-02-22 08:43:20.9684923,NULL
15920,INC - ECOMMERCE WEB SALES - MTO,2407721,PCTA40331/BXC,32.89,LBS,25,99999,11/01/2022 00:00:00,2025-02-22 08:43:33.4326110,NULL
16425,INC - ECOMMERCE WEB SALES - MTO,2407721,PCTA30188/BXC,33.99,LBS,25,99999,11/01/2022 00:00:00,2025-02-22 08:43:47.6343472,NULL
16642,INC - ECOMMERCE WEB SALES - MTO,2407721,PCTA50286/BXC,32.89,LBS,25,99999,11/01/2022 00:00:00,2025-02-22 08:43:47.6344041,NULL
16882,INC - ECOMMERCE WEB SALES - MTO,2407721,PCTA60175/BXC,33.99,LBS,25,99999,11/01/2022 00:00:00,2025-02-22 08:43:58.5888864,NULL
16952,INC - ECOMMERCE WEB SALES - MTO,2407721,PCTA60211/BXC,33.99,LBS,25,99999,11/01/2022 00:00:00,2025-02-22 08:43:58.5888951,NULL
16981,INC - ECOMMERCE WEB SALES - MTO,2407721,PCTA59459/BXC,32.89,LBS,25,99999,11/01/2022 00:00:00,2025-02-22 08:43:58.5888988,NULL
16986,INC - ECOMMERCE WEB SALES - MTO,2407721,PCTA59460/BXC,32.89,LBS,25,99999,11/01/2022 00:00:00,2025-02-22 08:43:58.5888993,NULL
17080,INC - ECOMMERCE WEB SALES - MTO,2407721,PCTA50354/BXC,32.89,LBS,25,99999,11/01/2022 00:00:00,2025-02-22 08:43:58.5889109,NULL
17290,INC - ECOMMERCE WEB SALES - MTO,2407721,PCTA59241/BXC,32.89,LBS,25,99999,11/01/2022 00:00:00,2025-02-22 08:44:08.7682047,NULL
17359,INC - ECOMMERCE WEB SALES - MTO,2407721,PCTA59271/BXC,32.89,LBS,25,99999,11/01/2022 00:00:00,2025-02-22 08:44:08.7682129,NULL
17537,INC - ECOMMERCE WEB SALES - MTO,2407721,PCTA50101/BXC,32.89,LBS,25,99999,11/01/2022 00:00:00,2025-02-22 08:44:08.7682346,NULL
17714,INC - ECOMMERCE WEB SALES - MTO,2407721,PCTA69223/BXC,33.99,LBS,25,99999,11/01/2022 00:00:00,2025-02-22 08:44:20.0934108,NULL
17787,INC - ECOMMERCE WEB SALES - MTO,2407721,PCTA73230/BXC,33.99,LBS,25,99999,11/01/2022 00:00:00,2025-02-22 08:44:20.0934304,NULL
17970,INC - ECOMMERCE WEB SALES - MTO,2407721,PCTA79261/BXC,32.89,LBS,25,99999,11/01/2022 00:00:00,2025-02-22 08:44:20.0934739,NULL
18072,INC - ECOMMERCE WEB SALES - MTO,2407721,PCTA79132/BXC,32.89,LBS,25,99999,11/01/2022 00:00:00,2025-02-22 08:44:20.0934901,NULL
18085,INC - ECOMMERCE WEB SALES - MTO,2407721,PCTA79147/BXC,32.89,LBS,25,99999,11/01/2022 00:00:00,2025-02-22 08:44:20.0934918,NULL
18139,INC - ECOMMERCE WEB SALES - MTO,2407721,PCTA79201/BXC,32.89,LBS,25,99999,11/01/2022 00:00:00,2025-02-22 08:44:20.0934993,NULL
18225,INC - ECOMMERCE WEB SALES - MTO,2407721,PCTA69318/BXC,33.99,LBS,25,99999,11/01/2022 00:00:00,2025-02-22 08:44:30.4056169,NULL
18306,INC - ECOMMERCE WEB SALES - MTO,2407721,PCTA70150/BXC,32.89,LBS,25,99999,11/01/2022 00:00:00,2025-02-22 08:44:30.4056303,NULL
18376,INC - ECOMMERCE WEB SALES - MTO,2407721,PCTA70259/BXC,32.89,LBS,25,99999,11/01/2022 00:00:00,2025-02-22 08:44:30.4056452,NULL
18481,INC - ECOMMERCE WEB SALES - MTO,2407721,PCTA70326/BXC,32.89,LBS,25,99999,11/01/2022 00:00:00,2025-02-22 08:44:30.4056609,NULL
18694,INC - ECOMMERCE WEB SALES - MTO,2407721,PCTA70464/BXC,32.89,LBS,25,99999,11/01/2022 00:00:00,2025-02-22 08:44:30.4056945,NULL
18862,INC - ECOMMERCE WEB SALES - MTO,2407721,PCTA73105/BXC,33.99,LBS,25,99999,11/01/2022 00:00:00,2025-02-22 08:44:41.0792347,NULL
18900,INC - ECOMMERCE WEB SALES - MTO,2407721,PCTA69130/BXC,33.99,LBS,25,99999,11/01/2022 00:00:00,2025-02-22 08:44:41.0792456,NULL
19320,INC - ECOMMERCE WEB SALES - MTO,2407721,PCTA79344/BXC,32.89,LBS,25,99999,11/01/2022 00:00:00,2025-02-22 08:44:52.7172611,NULL
19340,INC - ECOMMERCE WEB SALES - MTO,2407721,PCTA79362/BXC,32.89,LBS,25,99999,11/01/2022 00:00:00,2025-02-22 08:44:52.7172639,NULL
19813,INC - ECOMMERCE WEB SALES - MTO,2407721,PCTA79615/BXC,32.89,LBS,25,99999,11/01/2022 00:00:00,2025-02-22 08:45:05.3005000,NULL
19917,INC - ECOMMERCE WEB SALES - MTO,2407721,PCTA79651/BXC,32.89,LBS,25,99999,11/01/2022 00:00:00,2025-02-22 08:45:05.3005154,NULL
20082,INC - ECOMMERCE WEB SALES - MTO,2407721,PCFA90132/BXC,32.89,LBS,25,99999,11/01/2022 00:00:00,2025-02-22 08:45:05.3005359,NULL
20145,INC - ECOMMERCE WEB SALES - MTO,2407721,PCTA49276/BXC,32.89,LBS,25,99999,01/05/2023 00:00:00,2025-02-22 08:45:05.3005442,NULL
20197,INC - ECOMMERCE WEB SALES - MTO,2407721,PCTA73226/BXC,33.99,LBS,25,99999,05/03/2023 00:00:00,2025-02-22 08:45:05.3005503,NULL
20281,INC - ECOMMERCE WEB SALES - MTO,2407721,PCTA49553/BXC,32.89,LBS,25,99999,04/10/2023 00:00:00,2025-02-22 08:45:16.1350055,NULL
20286,INC - ECOMMERCE WEB SALES - MTO,2407721,PCTA49509/BXC,33.99,LBS,25,99999,04/10/2023 00:00:00,2025-02-22 08:45:16.1350064,NULL
20360,INC - ECOMMERCE WEB SALES - MTO,2407721,PCTA30167/BXC,33.99,LBS,25,99999,07/08/2024 00:00:00,2025-02-22 08:45:16.1350197,NULL
20430,INC - ECOMMERCE WEB SALES - MTO,2407721,PCTA49572/BXC,32.89,LBS,25,99999,07/08/2024 00:00:00,2025-02-22 08:45:16.1350308,NULL
20439,INC - ECOMMERCE WEB SALES - MTO,2407721,PCTA50434/BXC,32.89,LBS,25,99999,07/08/2024 00:00:00,2025-02-22 08:45:16.1350322,NULL
20453,INC - ECOMMERCE WEB SALES - MTO,2407721,PCTA59619/BXC,32.89,LBS,25,99999,07/08/2024 00:00:00,2025-02-22 08:45:16.1350342,NULL
20462,INC - ECOMMERCE WEB SALES - MTO,2407721,PCTA59621/BXC,32.89,LBS,25,99999,07/08/2024 00:00:00,2025-02-22 08:45:16.1350353,NULL
20467,INC - ECOMMERCE WEB SALES - MTO,2407721,PCTA60319/BXC,33.99,LBS,25,99999,07/08/2024 00:00:00,2025-02-22 08:45:16.1350361,NULL
20476,INC - ECOMMERCE WEB SALES - MTO,2407721,PCTA69415/BXC,33.99,LBS,25,99999,07/08/2024 00:00:00,2025-02-22 08:45:16.1350373,NULL
20481,INC - ECOMMERCE WEB SALES - MTO,2407721,PCTA69419/BXC,33.99,LBS,25,99999,07/08/2024 00:00:00,2025-02-22 08:45:16.1350380,NULL
20486,INC - ECOMMERCE WEB SALES - MTO,2407721,PCTA69421/BXC,33.99,LBS,25,99999,07/08/2024 00:00:00,2025-02-22 08:45:16.1350388,NULL
20503,INC - ECOMMERCE WEB SALES - MTO,2407721,PCTA70654/BXC,32.89,LBS,25,99999,07/08/2024 00:00:00,2025-02-22 08:45:16.1350412,NULL
20512,INC - ECOMMERCE WEB SALES - MTO,2407721,PCTA79778/BXC,32.89,LBS,25,99999,07/08/2024 00:00:00,2025-02-22 08:45:16.1350423,NULL
20517,INC - ECOMMERCE WEB SALES - MTO,2407721,PCTA79779/BXC,32.89,LBS,25,99999,07/08/2024 00:00:00,2025-02-22 08:45:16.1350429,NULL
20522,INC - ECOMMERCE WEB SALES - MTO,2407721,PCTA79819/BXC,32.89,LBS,25,99999,07/08/2024 00:00:00,2025-02-22 08:45:16.1350435,NULL
20547,INC - ECOMMERCE WEB SALES - MTO,2407721,PCTA89270/BXC,32.89,LBS,25,99999,07/08/2024 00:00:00,2025-02-22 08:45:16.1350477,NULL
20556,INC - ECOMMERCE WEB SALES - MTO,2407721,PCTA89423/BXC,32.89,LBS,25,99999,07/08/2024 00:00:00,2025-02-22 08:45:16.1350489,NULL
20608,INC - ECOMMERCE WEB SALES - MTO,2407721,PCTA99189/BXC,32.89,LBS,25,99999,07/28/2023 00:00:00,2025-02-22 08:45:16.1350569,NULL
20617,INC - ECOMMERCE WEB SALES - MTO,2407721,PCSA70106/BXC,32.89,LBS,25,99999,08/16/2023 00:00:00,2025-02-22 08:45:16.1350582,NULL
20618,INC - ECOMMERCE WEB SALES - MTO,2407721,PCTA89179/BXC,32.89,LBS,25,99999,08/30/2023 00:00:00,2025-02-22 08:45:16.1350584,NULL
20619,INC - ECOMMERCE WEB SALES - MTO,2407721,PCTA90108/BXC,32.89,LBS,25,99999,08/30/2023 00:00:00,2025-02-22 08:45:16.1350585,NULL
20620,INC - ECOMMERCE WEB SALES - MTO,2407721,PCUA20102/BXC,32.89,LBS,25,99999,08/30/2023 00:00:00,2025-02-22 08:45:16.1350586,NULL
20621,INC - ECOMMERCE WEB SALES - MTO,2407721,PCTA90162/BXC,32.89,LBS,25,99999,08/30/2023 00:00:00,2025-02-22 08:45:16.1350587,NULL
20622,INC - ECOMMERCE WEB SALES - MTO,2407721,PCTA99149/BXC,32.89,LBS,25,99999,09/26/2023 00:00:00,2025-02-22 08:45:16.1350589,NULL
20630,INC - ECOMMERCE WEB SALES - MTO,2407721,PCTA89287/BXC,32.89,LBS,25,99999,08/29/2023 00:00:00,2025-02-22 08:45:16.1350600,NULL
20634,INC - ECOMMERCE WEB SALES - MTO,2407721,PCTA89283/BXC,32.89,LBS,25,99999,08/29/2023 00:00:00,2025-02-22 08:45:16.1350605,NULL
20638,INC - ECOMMERCE WEB SALES - MTO,2407721,PCTA80344/BXC,32.89,LBS,25,99999,08/29/2023 00:00:00,2025-02-22 08:45:16.1350610,NULL
20663,INC - ECOMMERCE WEB SALES - MTO,2407721,PCTA30305/BXC,33.99,LBS,25,99999,08/31/2023 00:00:00,2025-02-22 08:45:16.1350646,NULL
20668,INC - ECOMMERCE WEB SALES - MTO,2407721,PCTA59373/BXC,32.89,LBS,25,99999,09/15/2023 00:00:00,2025-02-22 08:45:16.1350652,NULL
20669,INC - ECOMMERCE WEB SALES - MTO,2407721,PCTA70368/BXC,32.89,LBS,25,99999,09/15/2023 00:00:00,2025-02-22 08:45:16.1350654,NULL
20670,INC - ECOMMERCE WEB SALES - MTO,2407721,PCTA80238/BXC,32.89,LBS,25,99999,09/15/2023 00:00:00,2025-02-22 08:45:16.1350655,NULL
20685,INC - ECOMMERCE WEB SALES - MTO,2407721,PCUA70123/BXC,32.89,LBS,25,99999,08/08/2023 00:00:00,2025-02-22 08:45:16.1350675,NULL
20724,INC - ECOMMERCE WEB SALES - MTO,2407721,PCTA99128/BXC,32.89,LBS,25,99999,09/28/2023 00:00:00,2025-02-22 08:45:26.2911199,NULL
20734,INC - ECOMMERCE WEB SALES - MTO,2407721,PCTA29445/BXC,32.89,LBS,25,99999,09/27/2023 00:00:00,2025-02-22 08:45:26.2911216,NULL
20761,INC - ECOMMERCE WEB SALES - MTO,2407721,PCTA40341/BXC,32.89,LBS,25,99999,10/02/2023 00:00:00,2025-02-22 08:45:26.2911258,NULL
20770,INC - ECOMMERCE WEB SALES - MTO,2407721,PCTA49354/BXC,32.89,LBS,25,99999,10/02/2023 00:00:00,2025-02-22 08:45:26.2911273,NULL
20779,INC - ECOMMERCE WEB SALES - MTO,2407721,PCTA49519/BXC,32.89,LBS,25,99999,10/02/2023 00:00:00,2025-02-22 08:45:26.2911286,NULL
20784,INC - ECOMMERCE WEB SALES - MTO,2407721,PCTA49520/BXC,32.89,LBS,25,99999,10/02/2023 00:00:00,2025-02-22 08:45:26.2911294,NULL
20793,INC - ECOMMERCE WEB SALES - MTO,2407721,PCTA49538/BXC,32.89,LBS,25,99999,10/02/2023 00:00:00,2025-02-22 08:45:26.2911308,NULL
20798,INC - ECOMMERCE WEB SALES - MTO,2407721,PCTA49545/BXC,32.89,LBS,25,99999,10/02/2023 00:00:00,2025-02-22 08:45:26.2911316,NULL
20804,INC - ECOMMERCE WEB SALES - MTO,2407721,PCTA50355/BXC,32.89,LBS,25,99999,10/02/2023 00:00:00,2025-02-22 08:45:26.2911324,NULL
20809,INC - ECOMMERCE WEB SALES - MTO,2407721,PCTA50375/BXC,32.89,LBS,25,99999,10/02/2023 00:00:00,2025-02-22 08:45:26.2911331,NULL
20826,INC - ECOMMERCE WEB SALES - MTO,2407721,PCTA59533/BXC,32.89,LBS,25,99999,10/02/2023 00:00:00,2025-02-22 08:45:26.2911355,NULL
20831,INC - ECOMMERCE WEB SALES - MTO,2407721,PCTA59590/BXC,32.89,LBS,25,99999,10/02/2023 00:00:00,2025-02-22 08:45:26.2911361,NULL
20840,INC - ECOMMERCE WEB SALES - MTO,2407721,PCTA60318/BXC,33.99,LBS,25,99999,10/02/2023 00:00:00,2025-02-22 08:45:26.2911387,NULL
20911,INC - ECOMMERCE WEB SALES - MTO,2407721,PCFA90129/BXC,32.89,LBS,25,99999,10/01/2023 00:00:00,2025-02-22 08:45:26.2911491,NULL
20912,INC - ECOMMERCE WEB SALES - MTO,2407721,PCMA90108/BXC,33.99,LBS,25,99999,10/01/2023 00:00:00,2025-02-22 08:45:26.2911493,NULL
20913,INC - ECOMMERCE WEB SALES - MTO,2407721,PCSA20104/BXC,32.89,LBS,25,99999,10/01/2023 00:00:00,2025-02-22 08:45:26.2911494,NULL
20914,INC - ECOMMERCE WEB SALES - MTO,2407721,PCSA40108/BXC,33.99,LBS,25,99999,10/01/2023 00:00:00,2025-02-22 08:45:26.2911495,NULL
20915,INC - ECOMMERCE WEB SALES - MTO,2407721,PCSA40109/BXC,33.99,LBS,25,99999,10/01/2023 00:00:00,2025-02-22 08:45:26.2911496,NULL
20916,INC - ECOMMERCE WEB SALES - MTO,2407721,PCSA50104/BXC,33.99,LBS,25,99999,10/01/2023 00:00:00,2025-02-22 08:45:26.2911498,NULL
20917,INC - ECOMMERCE WEB SALES - MTO,2407721,PCTA19101/BXC,33.99,LBS,25,99999,10/01/2023 00:00:00,2025-02-22 08:45:26.2911499,NULL
20918,INC - ECOMMERCE WEB SALES - MTO,2407721,PCTA19103/BXC,33.99,LBS,25,99999,10/01/2023 00:00:00,2025-02-22 08:45:26.2911501,NULL
20919,INC - ECOMMERCE WEB SALES - MTO,2407721,PCTA19105/BXC,32.89,LBS,25,99999,10/01/2023 00:00:00,2025-02-22 08:45:26.2911502,NULL
20920,INC - ECOMMERCE WEB SALES - MTO,2407721,PCTA19106/BXC,32.89,LBS,25,99999,10/01/2023 00:00:00,2025-02-22 08:45:26.2911503,NULL
20921,INC - ECOMMERCE WEB SALES - MTO,2407721,PCTA19111/BXC,32.89,LBS,25,99999,10/01/2023 00:00:00,2025-02-22 08:45:26.2911504,NULL
20922,INC - ECOMMERCE WEB SALES - MTO,2407721,PCTA20356/BXC,32.89,LBS,25,99999,10/01/2023 00:00:00,2025-02-22 08:45:26.2911506,NULL
20923,INC - ECOMMERCE WEB SALES - MTO,2407721,PCTA20391/BXC,32.89,LBS,25,99999,10/01/2023 00:00:00,2025-02-22 08:45:26.2911507,NULL
20924,INC - ECOMMERCE WEB SALES - MTO,2407721,PCTA20461/BXC,32.89,LBS,25,99999,10/01/2023 00:00:00,2025-02-22 08:45:26.2911509,NULL
20925,INC - ECOMMERCE WEB SALES - MTO,2407721,PCTA23226/BXC,33.99,LBS,25,99999,10/01/2023 00:00:00,2025-02-22 08:45:26.2911510,NULL
20926,INC - ECOMMERCE WEB SALES - MTO,2407721,PCTA29173/BXC,32.89,LBS,25,99999,10/01/2023 00:00:00,2025-02-22 08:45:26.2911512,NULL
20927,INC - ECOMMERCE WEB SALES - MTO,2407721,PCTA29267/BXC,32.89,LBS,25,99999,10/01/2023 00:00:00,2025-02-22 08:45:26.2911514,NULL
20928,INC - ECOMMERCE WEB SALES - MTO,2407721,PCTA29288/BXC,32.89,LBS,25,99999,10/01/2023 00:00:00,2025-02-22 08:45:26.2911515,NULL
20929,INC - ECOMMERCE WEB SALES - MTO,2407721,PCTA29296/BXC,32.89,LBS,25,99999,10/01/2023 00:00:00,2025-02-22 08:45:26.2911517,NULL
20930,INC - ECOMMERCE WEB SALES - MTO,2407721,PCTA29310/BXC,32.89,LBS,25,99999,10/01/2023 00:00:00,2025-02-22 08:45:26.2911518,NULL
20931,INC - ECOMMERCE WEB SALES - MTO,2407721,PCTA29313/BXC,32.89,LBS,25,99999,10/01/2023 00:00:00,2025-02-22 08:45:26.2911520,NULL
20932,INC - ECOMMERCE WEB SALES - MTO,2407721,PCTA29318/BXC,32.89,LBS,25,99999,10/01/2023 00:00:00,2025-02-22 08:45:26.2911521,NULL
20933,INC - ECOMMERCE WEB SALES - MTO,2407721,PCTA29319/BXC,32.89,LBS,25,99999,10/01/2023 00:00:00,2025-02-22 08:45:26.2911522,NULL
20934,INC - ECOMMERCE WEB SALES - MTO,2407721,PCTA29323/BXC,32.89,LBS,25,99999,10/01/2023 00:00:00,2025-02-22 08:45:26.2911524,NULL
20935,INC - ECOMMERCE WEB SALES - MTO,2407721,PCTA29326/BXC,32.89,LBS,25,99999,10/01/2023 00:00:00,2025-02-22 08:45:26.2911525,NULL
20936,INC - ECOMMERCE WEB SALES - MTO,2407721,PCTA29328/BXC,32.89,LBS,25,99999,10/01/2023 00:00:00,2025-02-22 08:45:26.2911527,NULL
20937,INC - ECOMMERCE WEB SALES - MTO,2407721,PCTA29332/BXC,32.89,LBS,25,99999,10/01/2023 00:00:00,2025-02-22 08:45:26.2911528,NULL
20938,INC - ECOMMERCE WEB SALES - MTO,2407721,PCTA29333/BXC,32.89,LBS,25,99999,10/01/2023 00:00:00,2025-02-22 08:45:26.2911529,NULL
20939,INC - ECOMMERCE WEB SALES - MTO,2407721,PCTA29337/BXC,32.89,LBS,25,99999,10/01/2023 00:00:00,2025-02-22 08:45:26.2911531,NULL
20940,INC - ECOMMERCE WEB SALES - MTO,2407721,PCTA29346/BXC,32.89,LBS,25,99999,10/01/2023 00:00:00,2025-02-22 08:45:26.2911533,NULL
20941,INC - ECOMMERCE WEB SALES - MTO,2407721,PCTA29347/BXC,32.89,LBS,25,99999,10/01/2023 00:00:00,2025-02-22 08:45:26.2911534,NULL
20942,INC - ECOMMERCE WEB SALES - MTO,2407721,PCTA29350/BXC,32.89,LBS,25,99999,10/01/2023 00:00:00,2025-02-22 08:45:26.2911536,NULL
20943,INC - ECOMMERCE WEB SALES - MTO,2407721,PCTA29351/BXC,32.89,LBS,25,99999,10/01/2023 00:00:00,2025-02-22 08:45:26.2911537,NULL
20944,INC - ECOMMERCE WEB SALES - MTO,2407721,PCTA29352/BXC,32.89,LBS,25,99999,10/01/2023 00:00:00,2025-02-22 08:45:26.2911539,NULL
20945,INC - ECOMMERCE WEB SALES - MTO,2407721,PCTA29353/BXC,32.89,LBS,25,99999,10/01/2023 00:00:00,2025-02-22 08:45:26.2911540,NULL
20946,INC - ECOMMERCE WEB SALES - MTO,2407721,PCTA29355/BXC,32.89,LBS,25,99999,10/01/2023 00:00:00,2025-02-22 08:45:26.2911542,NULL
20947,INC - ECOMMERCE WEB SALES - MTO,2407721,PCTA29356/BXC,32.89,LBS,25,99999,10/01/2023 00:00:00,2025-02-22 08:45:26.2911543,NULL
20948,INC - ECOMMERCE WEB SALES - MTO,2407721,PCTA29358/BXC,32.89,LBS,25,99999,10/01/2023 00:00:00,2025-02-22 08:45:26.2911544,NULL
20949,INC - ECOMMERCE WEB SALES - MTO,2407721,PCTA29367/BXC,32.89,LBS,25,99999,10/01/2023 00:00:00,2025-02-22 08:45:26.2911546,NULL
20950,INC - ECOMMERCE WEB SALES - MTO,2407721,PCTA29380/BXC,32.89,LBS,25,99999,10/01/2023 00:00:00,2025-02-22 08:45:26.2911547,NULL
20951,INC - ECOMMERCE WEB SALES - MTO,2407721,PCTA29385/BXC,32.89,LBS,25,99999,10/01/2023 00:00:00,2025-02-22 08:45:26.2911548,NULL
20952,INC - ECOMMERCE WEB SALES - MTO,2407721,PCTA29386/BXC,32.89,LBS,25,99999,10/01/2023 00:00:00,2025-02-22 08:45:26.2911550,NULL
20953,INC - ECOMMERCE WEB SALES - MTO,2407721,PCTA29387/BXC,32.89,LBS,25,99999,10/01/2023 00:00:00,2025-02-22 08:45:26.2911551,NULL
20954,INC - ECOMMERCE WEB SALES - MTO,2407721,PCTA29388/BXC,32.89,LBS,25,99999,10/01/2023 00:00:00,2025-02-22 08:45:26.2911553,NULL
20955,INC - ECOMMERCE WEB SALES - MTO,2407721,PCTA29390/BXC,32.89,LBS,25,99999,10/01/2023 00:00:00,2025-02-22 08:45:26.2911554,NULL
20956,INC - ECOMMERCE WEB SALES - MTO,2407721,PCTA29391/BXC,32.89,LBS,25,99999,10/01/2023 00:00:00,2025-02-22 08:45:26.2911556,NULL
20957,INC - ECOMMERCE WEB SALES - MTO,2407721,PCTA29395/BXC,32.89,LBS,25,99999,10/01/2023 00:00:00,2025-02-22 08:45:26.2911557,NULL
20958,INC - ECOMMERCE WEB SALES - MTO,2407721,PCTA29397/BXC,32.89,LBS,25,99999,10/01/2023 00:00:00,2025-02-22 08:45:26.2911558,NULL
20959,INC - ECOMMERCE WEB SALES - MTO,2407721,PCTA29402/BXC,32.89,LBS,25,99999,10/01/2023 00:00:00,2025-02-22 08:45:26.2911560,NULL
20960,INC - ECOMMERCE WEB SALES - MTO,2407721,PCTA29403/BXC,32.89,LBS,25,99999,10/01/2023 00:00:00,2025-02-22 08:45:26.2911561,NULL
20961,INC - ECOMMERCE WEB SALES - MTO,2407721,PCTA29404/BXC,32.89,LBS,25,99999,10/01/2023 00:00:00,2025-02-22 08:45:26.2911562,NULL
20962,INC - ECOMMERCE WEB SALES - MTO,2407721,PCTA29406/BXC,32.89,LBS,25,99999,10/01/2023 00:00:00,2025-02-22 08:45:26.2911564,NULL
20963,INC - ECOMMERCE WEB SALES - MTO,2407721,PCTA29408/BXC,32.89,LBS,25,99999,10/01/2023 00:00:00,2025-02-22 08:45:26.2911565,NULL
20964,INC - ECOMMERCE WEB SALES - MTO,2407721,PCTA29423/BXC,32.89,LBS,25,99999,10/01/2023 00:00:00,2025-02-22 08:45:26.2911566,NULL
20965,INC - ECOMMERCE WEB SALES - MTO,2407721,PCTA29424/BXC,32.89,LBS,25,99999,10/01/2023 00:00:00,2025-02-22 08:45:26.2911568,NULL
20966,INC - ECOMMERCE WEB SALES - MTO,2407721,PCTA29431/BXC,32.89,LBS,25,99999,10/01/2023 00:00:00,2025-02-22 08:45:26.2911569,NULL
20967,INC - ECOMMERCE WEB SALES - MTO,2407721,PCTA29444/BXC,32.89,LBS,25,99999,10/01/2023 00:00:00,2025-02-22 08:45:26.2911571,NULL
20968,INC - ECOMMERCE WEB SALES - MTO,2407721,PCTA29454/BXC,32.89,LBS,25,99999,10/01/2023 00:00:00,2025-02-22 08:45:26.2911572,NULL
20969,INC - ECOMMERCE WEB SALES - MTO,2407721,PCTA29455/BXC,32.89,LBS,25,99999,10/01/2023 00:00:00,2025-02-22 08:45:26.2911574,NULL
20970,INC - ECOMMERCE WEB SALES - MTO,2407721,PCTA29456/BXC,32.89,LBS,25,99999,10/01/2023 00:00:00,2025-02-22 08:45:26.2911575,NULL
20971,INC - ECOMMERCE WEB SALES - MTO,2407721,PCTA29462/BXC,32.89,LBS,25,99999,10/01/2023 00:00:00,2025-02-22 08:45:26.2911577,NULL
20972,INC - ECOMMERCE WEB SALES - MTO,2407721,PCTA29463/BXC,32.89,LBS,25,99999,10/01/2023 00:00:00,2025-02-22 08:45:26.2911578,NULL
20973,INC - ECOMMERCE WEB SALES - MTO,2407721,PCTA29476/BXC,32.89,LBS,25,99999,10/01/2023 00:00:00,2025-02-22 08:45:26.2911580,NULL
20974,INC - ECOMMERCE WEB SALES - MTO,2407721,PCTA29477/BXC,32.89,LBS,25,99999,10/01/2023 00:00:00,2025-02-22 08:45:26.2911581,NULL
20975,INC - ECOMMERCE WEB SALES - MTO,2407721,PCTA29560/BXC,32.89,LBS,25,99999,10/01/2023 00:00:00,2025-02-22 08:45:26.2911582,NULL
20976,INC - ECOMMERCE WEB SALES - MTO,2407721,PCTA29573/BXC,32.89,LBS,25,99999,10/01/2023 00:00:00,2025-02-22 08:45:26.2911583,NULL
20977,INC - ECOMMERCE WEB SALES - MTO,2407721,PCTA29592/BXC,32.89,LBS,25,99999,10/01/2023 00:00:00,2025-02-22 08:45:26.2911585,NULL
20978,INC - ECOMMERCE WEB SALES - MTO,2407721,PCTA29609/BXC,32.89,LBS,25,99999,10/01/2023 00:00:00,2025-02-22 08:45:26.2911586,NULL
20979,INC - ECOMMERCE WEB SALES - MTO,2407721,PCTA29616/BXC,32.89,LBS,25,99999,10/01/2023 00:00:00,2025-02-22 08:45:26.2911587,NULL
20980,INC - ECOMMERCE WEB SALES - MTO,2407721,PCTA30180/BXC,33.99,LBS,25,99999,10/01/2023 00:00:00,2025-02-22 08:45:26.2911589,NULL
20981,INC - ECOMMERCE WEB SALES - MTO,2407721,PCTA30187/BXC,33.99,LBS,25,99999,10/01/2023 00:00:00,2025-02-22 08:45:26.2911591,NULL
20982,INC - ECOMMERCE WEB SALES - MTO,2407721,PCTA30196/BXC,33.99,LBS,25,99999,10/01/2023 00:00:00,2025-02-22 08:45:26.2911593,NULL
20983,INC - ECOMMERCE WEB SALES - MTO,2407721,PCTA30197/BXC,33.99,LBS,25,99999,10/01/2023 00:00:00,2025-02-22 08:45:26.2911594,NULL
20984,INC - ECOMMERCE WEB SALES - MTO,2407721,PCTA30200/BXC,33.99,LBS,25,99999,10/01/2023 00:00:00,2025-02-22 08:45:26.2911596,NULL
20985,INC - ECOMMERCE WEB SALES - MTO,2407721,PCTA30203/BXC,33.99,LBS,25,99999,10/01/2023 00:00:00,2025-02-22 08:45:26.2911597,NULL
20986,INC - ECOMMERCE WEB SALES - MTO,2407721,PCTA30215/BXC,33.99,LBS,25,99999,10/01/2023 00:00:00,2025-02-22 08:45:26.2911598,NULL
20987,INC - ECOMMERCE WEB SALES - MTO,2407721,PCTA30217/BXC,33.99,LBS,25,99999,10/01/2023 00:00:00,2025-02-22 08:45:26.2911600,NULL
20988,INC - ECOMMERCE WEB SALES - MTO,2407721,PCTA30232/BXC,33.99,LBS,25,99999,10/01/2023 00:00:00,2025-02-22 08:45:26.2911602,NULL
20989,INC - ECOMMERCE WEB SALES - MTO,2407721,PCTA30234/BXC,33.99,LBS,25,99999,10/01/2023 00:00:00,2025-02-22 08:45:26.2911603,NULL
20990,INC - ECOMMERCE WEB SALES - MTO,2407721,PCTA30237/BXC,33.99,LBS,25,99999,10/01/2023 00:00:00,2025-02-22 08:45:26.2911605,NULL
20991,INC - ECOMMERCE WEB SALES - MTO,2407721,PCTA30238/BXC,33.99,LBS,25,99999,10/01/2023 00:00:00,2025-02-22 08:45:26.2911606,NULL
20992,INC - ECOMMERCE WEB SALES - MTO,2407721,PCTA30240/BXC,33.99,LBS,25,99999,10/01/2023 00:00:00,2025-02-22 08:45:26.2911608,NULL
20993,INC - ECOMMERCE WEB SALES - MTO,2407721,PCTA30246/BXC,33.99,LBS,25,99999,10/01/2023 00:00:00,2025-02-22 08:45:26.2911610,NULL
20994,INC - ECOMMERCE WEB SALES - MTO,2407721,PCTA30250/BXC,33.99,LBS,25,99999,10/01/2023 00:00:00,2025-02-22 08:45:26.2911611,NULL
20995,INC - ECOMMERCE WEB SALES - MTO,2407721,PCTA30289/BXC,33.99,LBS,25,99999,10/01/2023 00:00:00,2025-02-22 08:45:26.2911613,NULL
20996,INC - ECOMMERCE WEB SALES - MTO,2407721,PCTA30290/BXC,33.99,LBS,25,99999,10/01/2023 00:00:00,2025-02-22 08:45:26.2911614,NULL
20997,INC - ECOMMERCE WEB SALES - MTO,2407721,PCTA30292/BXC,33.99,LBS,25,99999,10/01/2023 00:00:00,2025-02-22 08:45:26.2911616,NULL
20998,INC - ECOMMERCE WEB SALES - MTO,2407721,PCTA30293/BXC,33.99,LBS,25,99999,10/01/2023 00:00:00,2025-02-22 08:45:26.2911618,NULL
20999,INC - ECOMMERCE WEB SALES - MTO,2407721,PCTA30294/BXC,33.99,LBS,25,99999,10/01/2023 00:00:00,2025-02-22 08:45:26.2911619,NULL
21000,INC - ECOMMERCE WEB SALES - MTO,2407721,PCTA30296/BXC,33.99,LBS,25,99999,10/01/2023 00:00:00,2025-02-22 08:45:26.2911621,NULL
21001,INC - ECOMMERCE WEB SALES - MTO,2407721,PCTA39261/BXC,33.99,LBS,25,99999,10/01/2023 00:00:00,2025-02-22 08:45:26.2911622,NULL
21002,INC - ECOMMERCE WEB SALES - MTO,2407721,PCTA39288/BXC,33.99,LBS,25,99999,10/01/2023 00:00:00,2025-02-22 08:45:26.2911624,NULL
21003,INC - ECOMMERCE WEB SALES - MTO,2407721,PCTA39303/BXC,33.99,LBS,25,99999,10/01/2023 00:00:00,2025-02-22 08:45:26.2911625,NULL
21004,INC - ECOMMERCE WEB SALES - MTO,2407721,PCTA39309/BXC,33.99,LBS,25,99999,10/01/2023 00:00:00,2025-02-22 08:45:26.2911627,NULL
21005,INC - ECOMMERCE WEB SALES - MTO,2407721,PCTA39322/BXC,33.99,LBS,25,99999,10/01/2023 00:00:00,2025-02-22 08:45:26.2911628,NULL
21006,INC - ECOMMERCE WEB SALES - MTO,2407721,PCTA39323/BXC,33.99,LBS,25,99999,10/01/2023 00:00:00,2025-02-22 08:45:26.2911630,NULL
21007,INC - ECOMMERCE WEB SALES - MTO,2407721,PCTA39334/BXC,33.99,LBS,25,99999,10/01/2023 00:00:00,2025-02-22 08:45:26.2911631,NULL
21008,INC - ECOMMERCE WEB SALES - MTO,2407721,PCTA39375/BXC,33.99,LBS,25,99999,10/01/2023 00:00:00,2025-02-22 08:45:26.2911633,NULL
21009,INC - ECOMMERCE WEB SALES - MTO,2407721,PCTA39378/BXC,33.99,LBS,25,99999,10/01/2023 00:00:00,2025-02-22 08:45:26.2911634,NULL
21010,INC - ECOMMERCE WEB SALES - MTO,2407721,PCTA39413/BXC,33.99,LBS,25,99999,10/01/2023 00:00:00,2025-02-22 08:45:26.2911636,NULL
21011,INC - ECOMMERCE WEB SALES - MTO,2407721,PCTA40232/BXC,32.89,LBS,25,99999,10/01/2023 00:00:00,2025-02-22 08:45:26.2911637,NULL
21012,INC - ECOMMERCE WEB SALES - MTO,2407721,PCTA40249/BXC,32.89,LBS,25,99999,10/01/2023 00:00:00,2025-02-22 08:45:26.2911639,NULL
21013,INC - ECOMMERCE WEB SALES - MTO,2407721,PCTA40262/BXC,32.89,LBS,25,99999,10/01/2023 00:00:00,2025-02-22 08:45:26.2911640,NULL
21014,INC - ECOMMERCE WEB SALES - MTO,2407721,PCTA40267/BXC,32.89,LBS,25,99999,10/01/2023 00:00:00,2025-02-22 08:45:26.2911642,NULL
21015,INC - ECOMMERCE WEB SALES - MTO,2407721,PCTA40278/BXC,32.89,LBS,25,99999,10/01/2023 00:00:00,2025-02-22 08:45:26.2911643,NULL
21016,INC - ECOMMERCE WEB SALES - MTO,2407721,PCTA40294/BXC,32.89,LBS,25,99999,10/01/2023 00:00:00,2025-02-22 08:45:26.2911645,NULL
21017,INC - ECOMMERCE WEB SALES - MTO,2407721,PCTA40295/BXC,32.89,LBS,25,99999,10/01/2023 00:00:00,2025-02-22 08:45:26.2911646,NULL
21018,INC - ECOMMERCE WEB SALES - MTO,2407721,PCTA40301/BXC,32.89,LBS,25,99999,10/01/2023 00:00:00,2025-02-22 08:45:26.2911648,NULL
21019,INC - ECOMMERCE WEB SALES - MTO,2407721,PCTA40310/BXC,32.89,LBS,25,99999,10/01/2023 00:00:00,2025-02-22 08:45:26.2911650,NULL
21020,INC - ECOMMERCE WEB SALES - MTO,2407721,PCTA40320/BXC,32.89,LBS,25,99999,10/01/2023 00:00:00,2025-02-22 08:45:26.2911651,NULL
21021,INC - ECOMMERCE WEB SALES - MTO,2407721,PCTA40322/BXC,32.89,LBS,25,99999,10/01/2023 00:00:00,2025-02-22 08:45:26.2911652,NULL
21022,INC - ECOMMERCE WEB SALES - MTO,2407721,PCTA49145/BXC,32.89,LBS,25,99999,10/01/2023 00:00:00,2025-02-22 08:45:26.2911654,NULL
21023,INC - ECOMMERCE WEB SALES - MTO,2407721,PCTA49176/BXC,32.89,LBS,25,99999,10/01/2023 00:00:00,2025-02-22 08:45:26.2911655,NULL
21024,INC - ECOMMERCE WEB SALES - MTO,2407721,PCTA49193/BXC,32.89,LBS,25,99999,10/01/2023 00:00:00,2025-02-22 08:45:26.2911657,NULL
21025,INC - ECOMMERCE WEB SALES - MTO,2407721,PCTA49199/BXC,32.89,LBS,25,99999,10/01/2023 00:00:00,2025-02-22 08:45:26.2911658,NULL
21026,INC - ECOMMERCE WEB SALES - MTO,2407721,PCTA49200/BXC,32.89,LBS,25,99999,10/01/2023 00:00:00,2025-02-22 08:45:26.2911660,NULL
21027,INC - ECOMMERCE WEB SALES - MTO,2407721,PCTA49237/BXC,32.89,LBS,25,99999,10/01/2023 00:00:00,2025-02-22 08:45:26.2911661,NULL
21028,INC - ECOMMERCE WEB SALES - MTO,2407721,PCTA49267/BXC,32.89,LBS,25,99999,10/01/2023 00:00:00,2025-02-22 08:45:26.2911663,NULL
21029,INC - ECOMMERCE WEB SALES - MTO,2407721,PCTA49269/BXC,32.89,LBS,25,99999,10/01/2023 00:00:00,2025-02-22 08:45:26.2911665,NULL
21030,INC - ECOMMERCE WEB SALES - MTO,2407721,PCTA49279/BXC,32.89,LBS,25,99999,10/01/2023 00:00:00,2025-02-22 08:45:26.2911666,NULL
21031,INC - ECOMMERCE WEB SALES - MTO,2407721,PCTA49296/BXC,32.89,LBS,25,99999,10/01/2023 00:00:00,2025-02-22 08:45:26.2911668,NULL
21032,INC - ECOMMERCE WEB SALES - MTO,2407721,PCTA49297/BXC,32.89,LBS,25,99999,10/01/2023 00:00:00,2025-02-22 08:45:26.2911669,NULL
21033,INC - ECOMMERCE WEB SALES - MTO,2407721,PCTA49299/BXC,32.89,LBS,25,99999,10/01/2023 00:00:00,2025-02-22 08:45:26.2911670,NULL
21034,INC - ECOMMERCE WEB SALES - MTO,2407721,PCTA49305/BXC,32.89,LBS,25,99999,10/01/2023 00:00:00,2025-02-22 08:45:26.2911672,NULL
21035,INC - ECOMMERCE WEB SALES - MTO,2407721,PCTA49318/BXC,32.89,LBS,25,99999,10/01/2023 00:00:00,2025-02-22 08:45:26.2911673,NULL
21036,INC - ECOMMERCE WEB SALES - MTO,2407721,PCTA49328/BXC,32.89,LBS,25,99999,10/01/2023 00:00:00,2025-02-22 08:45:26.2911675,NULL
21037,INC - ECOMMERCE WEB SALES - MTO,2407721,PCTA49343/BXC,32.89,LBS,25,99999,10/01/2023 00:00:00,2025-02-22 08:45:26.2911676,NULL
21038,INC - ECOMMERCE WEB SALES - MTO,2407721,PCTA49350/BXC,32.89,LBS,25,99999,10/01/2023 00:00:00,2025-02-22 08:45:26.2911678,NULL
21039,INC - ECOMMERCE WEB SALES - MTO,2407721,PCTA49356/BXC,32.89,LBS,25,99999,10/01/2023 00:00:00,2025-02-22 08:45:26.2911679,NULL
21040,INC - ECOMMERCE WEB SALES - MTO,2407721,PCTA49369/BXC,32.89,LBS,25,99999,10/01/2023 00:00:00,2025-02-22 08:45:26.2911681,NULL
21041,INC - ECOMMERCE WEB SALES - MTO,2407721,PCTA49428/BXC,32.89,LBS,25,99999,10/01/2023 00:00:00,2025-02-22 08:45:26.2911682,NULL
21042,INC - ECOMMERCE WEB SALES - MTO,2407721,PCTA49510/BXC,33.99,LBS,25,99999,10/01/2023 00:00:00,2025-02-22 08:45:26.2911684,NULL
21043,INC - ECOMMERCE WEB SALES - MTO,2407721,PCTA50122/BXC,32.89,LBS,25,99999,10/01/2023 00:00:00,2025-02-22 08:45:26.2911685,NULL
21044,INC - ECOMMERCE WEB SALES - MTO,2407721,PCTA50123/BXC,32.89,LBS,25,99999,10/01/2023 00:00:00,2025-02-22 08:45:26.2911686,NULL
21045,INC - ECOMMERCE WEB SALES - MTO,2407721,PCTA50174/BXC,32.89,LBS,25,99999,10/01/2023 00:00:00,2025-02-22 08:45:26.2911688,NULL
21046,INC - ECOMMERCE WEB SALES - MTO,2407721,PCTA50186/BXC,32.89,LBS,25,99999,10/01/2023 00:00:00,2025-02-22 08:45:26.2911689,NULL
21047,INC - ECOMMERCE WEB SALES - MTO,2407721,PCTA50217/BXC,32.89,LBS,25,99999,10/01/2023 00:00:00,2025-02-22 08:45:26.2911690,NULL
21048,INC - ECOMMERCE WEB SALES - MTO,2407721,PCTA50251/BXC,32.89,LBS,25,99999,10/01/2023 00:00:00,2025-02-22 08:45:26.2911692,NULL
21049,INC - ECOMMERCE WEB SALES - MTO,2407721,PCTA50252/BXC,32.89,LBS,25,99999,10/01/2023 00:00:00,2025-02-22 08:45:26.2911693,NULL
21050,INC - ECOMMERCE WEB SALES - MTO,2407721,PCTA50253/BXC,32.89,LBS,25,99999,10/01/2023 00:00:00,2025-02-22 08:45:26.2911694,NULL
21051,INC - ECOMMERCE WEB SALES - MTO,2407721,PCTA50259/BXC,32.89,LBS,25,99999,10/01/2023 00:00:00,2025-02-22 08:45:26.2911695,NULL
21052,INC - ECOMMERCE WEB SALES - MTO,2407721,PCTA50271/BXC,32.89,LBS,25,99999,10/01/2023 00:00:00,2025-02-22 08:45:26.2911697,NULL
21053,INC - ECOMMERCE WEB SALES - MTO,2407721,PCTA50283/BXC,32.89,LBS,25,99999,10/01/2023 00:00:00,2025-02-22 08:45:26.2911699,NULL
21054,INC - ECOMMERCE WEB SALES - MTO,2407721,PCTA50284/BXC,32.89,LBS,25,99999,10/01/2023 00:00:00,2025-02-22 08:45:26.2911700,NULL
21055,INC - ECOMMERCE WEB SALES - MTO,2407721,PCTA50285/BXC,32.89,LBS,25,99999,10/01/2023 00:00:00,2025-02-22 08:45:26.2911702,NULL
21056,INC - ECOMMERCE WEB SALES - MTO,2407721,PCTA50298/BXC,32.89,LBS,25,99999,10/01/2023 00:00:00,2025-02-22 08:45:26.2911703,NULL
21057,INC - ECOMMERCE WEB SALES - MTO,2407721,PCTA50299/BXC,32.89,LBS,25,99999,10/01/2023 00:00:00,2025-02-22 08:45:26.2911705,NULL
21058,INC - ECOMMERCE WEB SALES - MTO,2407721,PCTA50315/BXC,32.89,LBS,25,99999,10/01/2023 00:00:00,2025-02-22 08:45:26.2911706,NULL
21059,INC - ECOMMERCE WEB SALES - MTO,2407721,PCTA50368/BXC,32.89,LBS,25,99999,10/01/2023 00:00:00,2025-02-22 08:45:26.2911708,NULL
21060,INC - ECOMMERCE WEB SALES - MTO,2407721,PCTA50372/BXC,32.89,LBS,25,99999,10/01/2023 00:00:00,2025-02-22 08:45:26.2911709,NULL
21061,INC - ECOMMERCE WEB SALES - MTO,2407721,PCTA50374/BXC,32.89,LBS,25,99999,10/01/2023 00:00:00,2025-02-22 08:45:26.2911710,NULL
21062,INC - ECOMMERCE WEB SALES - MTO,2407721,PCTA50380/BXC,32.89,LBS,25,99999,10/01/2023 00:00:00,2025-02-22 08:45:26.2911712,NULL
21063,INC - ECOMMERCE WEB SALES - MTO,2407721,PCTA50381/BXC,32.89,LBS,25,99999,10/01/2023 00:00:00,2025-02-22 08:45:26.2911713,NULL
21064,INC - ECOMMERCE WEB SALES - MTO,2407721,PCTA59163/BXC,32.89,LBS,25,99999,10/01/2023 00:00:00,2025-02-22 08:45:26.2911714,NULL
21065,INC - ECOMMERCE WEB SALES - MTO,2407721,PCTA59212/BXC,32.89,LBS,25,99999,10/01/2023 00:00:00,2025-02-22 08:45:26.2911716,NULL
21066,INC - ECOMMERCE WEB SALES - MTO,2407721,PCTA59225/BXC,32.89,LBS,25,99999,10/01/2023 00:00:00,2025-02-22 08:45:26.2911717,NULL
21067,INC - ECOMMERCE WEB SALES - MTO,2407721,PCTA59231/BXC,32.89,LBS,25,99999,10/01/2023 00:00:00,2025-02-22 08:45:26.2911718,NULL
21068,INC - ECOMMERCE WEB SALES - MTO,2407721,PCTA59238/BXC,32.89,LBS,25,99999,10/01/2023 00:00:00,2025-02-22 08:45:26.2911720,NULL
21069,INC - ECOMMERCE WEB SALES - MTO,2407721,PCTA59246/BXC,32.89,LBS,25,99999,10/01/2023 00:00:00,2025-02-22 08:45:26.2911721,NULL
21070,INC - ECOMMERCE WEB SALES - MTO,2407721,PCTA59248/BXC,32.89,LBS,25,99999,10/01/2023 00:00:00,2025-02-22 08:45:26.2911723,NULL
21071,INC - ECOMMERCE WEB SALES - MTO,2407721,PCTA59272/BXC,32.89,LBS,25,99999,10/01/2023 00:00:00,2025-02-22 08:45:26.2911724,NULL
21072,INC - ECOMMERCE WEB SALES - MTO,2407721,PCTA59274/BXC,32.89,LBS,25,99999,10/01/2023 00:00:00,2025-02-22 08:45:26.2911726,NULL
21073,INC - ECOMMERCE WEB SALES - MTO,2407721,PCTA59279/BXC,32.89,LBS,25,99999,10/01/2023 00:00:00,2025-02-22 08:45:26.2911727,NULL
21074,INC - ECOMMERCE WEB SALES - MTO,2407721,PCTA59289/BXC,32.89,LBS,25,99999,10/01/2023 00:00:00,2025-02-22 08:45:26.2911728,NULL
21075,INC - ECOMMERCE WEB SALES - MTO,2407721,PCTA59293/BXC,32.89,LBS,25,99999,10/01/2023 00:00:00,2025-02-22 08:45:26.2911730,NULL
21076,INC - ECOMMERCE WEB SALES - MTO,2407721,PCTA59295/BXC,32.89,LBS,25,99999,10/01/2023 00:00:00,2025-02-22 08:45:26.2911731,NULL
21077,INC - ECOMMERCE WEB SALES - MTO,2407721,PCTA59297/BXC,32.89,LBS,25,99999,10/01/2023 00:00:00,2025-02-22 08:45:26.2911732,NULL
21078,INC - ECOMMERCE WEB SALES - MTO,2407721,PCTA59301/BXC,32.89,LBS,25,99999,10/01/2023 00:00:00,2025-02-22 08:45:26.2911734,NULL
21079,INC - ECOMMERCE WEB SALES - MTO,2407721,PCTA59327/BXC,32.89,LBS,25,99999,10/01/2023 00:00:00,2025-02-22 08:45:26.2911735,NULL
21080,INC - ECOMMERCE WEB SALES - MTO,2407721,PCTA59336/BXC,32.89,LBS,25,99999,10/01/2023 00:00:00,2025-02-22 08:45:26.2911737,NULL
21081,INC - ECOMMERCE WEB SALES - MTO,2407721,PCTA59337/BXC,32.89,LBS,25,99999,10/01/2023 00:00:00,2025-02-22 08:45:26.2911738,NULL
21082,INC - ECOMMERCE WEB SALES - MTO,2407721,PCTA59340/BXC,32.89,LBS,25,99999,10/01/2023 00:00:00,2025-02-22 08:45:26.2911739,NULL
21083,INC - ECOMMERCE WEB SALES - MTO,2407721,PCTA59341/BXC,32.89,LBS,25,99999,10/01/2023 00:00:00,2025-02-22 08:45:26.2911741,NULL
21084,INC - ECOMMERCE WEB SALES - MTO,2407721,PCTA59342/BXC,32.89,LBS,25,99999,10/01/2023 00:00:00,2025-02-22 08:45:26.2911742,NULL
21085,INC - ECOMMERCE WEB SALES - MTO,2407721,PCTA59343/BXC,32.89,LBS,25,99999,10/01/2023 00:00:00,2025-02-22 08:45:26.2911744,NULL
21086,INC - ECOMMERCE WEB SALES - MTO,2407721,PCTA59348/BXC,32.89,LBS,25,99999,10/01/2023 00:00:00,2025-02-22 08:45:26.2911746,NULL
21087,INC - ECOMMERCE WEB SALES - MTO,2407721,PCTA59354/BXC,32.89,LBS,25,99999,10/01/2023 00:00:00,2025-02-22 08:45:26.2911747,NULL
21088,INC - ECOMMERCE WEB SALES - MTO,2407721,PCTA59355/BXC,32.89,LBS,25,99999,10/01/2023 00:00:00,2025-02-22 08:45:26.2911749,NULL
21089,INC - ECOMMERCE WEB SALES - MTO,2407721,PCTA59356/BXC,32.89,LBS,25,99999,10/01/2023 00:00:00,2025-02-22 08:45:26.2911750,NULL
21090,INC - ECOMMERCE WEB SALES - MTO,2407721,PCTA59362/BXC,32.89,LBS,25,99999,10/01/2023 00:00:00,2025-02-22 08:45:26.2911751,NULL
21091,INC - ECOMMERCE WEB SALES - MTO,2407721,PCTA59366/BXC,32.89,LBS,25,99999,10/01/2023 00:00:00,2025-02-22 08:45:26.2911753,NULL
21092,INC - ECOMMERCE WEB SALES - MTO,2407721,PCTA59367/BXC,32.89,LBS,25,99999,10/01/2023 00:00:00,2025-02-22 08:45:26.2911754,NULL
21093,INC - ECOMMERCE WEB SALES - MTO,2407721,PCTA59398/BXC,32.89,LBS,25,99999,10/01/2023 00:00:00,2025-02-22 08:45:26.2911756,NULL
21094,INC - ECOMMERCE WEB SALES - MTO,2407721,PCTA59454/BXC,32.89,LBS,25,99999,10/01/2023 00:00:00,2025-02-22 08:45:26.2911758,NULL
21095,INC - ECOMMERCE WEB SALES - MTO,2407721,PCTA59476/BXC,32.89,LBS,25,99999,10/01/2023 00:00:00,2025-02-22 08:45:26.2911766,NULL
21096,INC - ECOMMERCE WEB SALES - MTO,2407721,PCTA59478/BXC,32.89,LBS,25,99999,10/01/2023 00:00:00,2025-02-22 08:45:26.2911767,NULL
21097,INC - ECOMMERCE WEB SALES - MTO,2407721,PCTA59485/BXC,32.89,LBS,25,99999,10/01/2023 00:00:00,2025-02-22 08:45:26.2911769,NULL
21098,INC - ECOMMERCE WEB SALES - MTO,2407721,PCTA60120/BXC,33.99,LBS,25,99999,10/01/2023 00:00:00,2025-02-22 08:45:26.2911770,NULL
21099,INC - ECOMMERCE WEB SALES - MTO,2407721,PCTA60182/BXC,33.99,LBS,25,99999,10/01/2023 00:00:00,2025-02-22 08:45:26.2911772,NULL
21100,INC - ECOMMERCE WEB SALES - MTO,2407721,PCTA60185/BXC,33.99,LBS,25,99999,10/01/2023 00:00:00,2025-02-22 08:45:26.2911773,NULL
21101,INC - ECOMMERCE WEB SALES - MTO,2407721,PCTA60189/BXC,33.99,LBS,25,99999,10/01/2023 00:00:00,2025-02-22 08:45:26.2911774,NULL
21102,INC - ECOMMERCE WEB SALES - MTO,2407721,PCTA60199/BXC,33.99,LBS,25,99999,10/01/2023 00:00:00,2025-02-22 08:45:26.2911776,NULL
21103,INC - ECOMMERCE WEB SALES - MTO,2407721,PCTA60200/BXC,33.99,LBS,25,99999,10/01/2023 00:00:00,2025-02-22 08:45:26.2911777,NULL
21104,INC - ECOMMERCE WEB SALES - MTO,2407721,PCTA60216/BXC,33.99,LBS,25,99999,10/01/2023 00:00:00,2025-02-22 08:45:26.2911778,NULL
21105,INC - ECOMMERCE WEB SALES - MTO,2407721,PCTA60222/BXC,33.99,LBS,25,99999,10/01/2023 00:00:00,2025-02-22 08:45:26.2911779,NULL
21106,INC - ECOMMERCE WEB SALES - MTO,2407721,PCTA60224/BXC,33.99,LBS,25,99999,10/01/2023 00:00:00,2025-02-22 08:45:26.2911781,NULL
21107,INC - ECOMMERCE WEB SALES - MTO,2407721,PCTA60225/BXC,33.99,LBS,25,99999,10/01/2023 00:00:00,2025-02-22 08:45:26.2911782,NULL
21108,INC - ECOMMERCE WEB SALES - MTO,2407721,PCTA60227/BXC,33.99,LBS,25,99999,10/01/2023 00:00:00,2025-02-22 08:45:26.2911783,NULL
21109,INC - ECOMMERCE WEB SALES - MTO,2407721,PCTA60228/BXC,33.99,LBS,25,99999,10/01/2023 00:00:00,2025-02-22 08:45:26.2911785,NULL
21110,INC - ECOMMERCE WEB SALES - MTO,2407721,PCTA60229/BXC,33.99,LBS,25,99999,10/01/2023 00:00:00,2025-02-22 08:45:26.2911786,NULL
21111,INC - ECOMMERCE WEB SALES - MTO,2407721,PCTA60230/BXC,33.99,LBS,25,99999,10/01/2023 00:00:00,2025-02-22 08:45:26.2911788,NULL
21112,INC - ECOMMERCE WEB SALES - MTO,2407721,PCTA60231/BXC,33.99,LBS,25,99999,10/01/2023 00:00:00,2025-02-22 08:45:26.2911789,NULL
21113,INC - ECOMMERCE WEB SALES - MTO,2407721,PCTA60232/BXC,33.99,LBS,25,99999,10/01/2023 00:00:00,2025-02-22 08:45:26.2911791,NULL
21114,INC - ECOMMERCE WEB SALES - MTO,2407721,PCTA60233/BXC,33.99,LBS,25,99999,10/01/2023 00:00:00,2025-02-22 08:45:26.2911793,NULL
21115,INC - ECOMMERCE WEB SALES - MTO,2407721,PCTA60234/BXC,33.99,LBS,25,99999,10/01/2023 00:00:00,2025-02-22 08:45:26.2911794,NULL
21116,INC - ECOMMERCE WEB SALES - MTO,2407721,PCTA60236/BXC,33.99,LBS,25,99999,10/01/2023 00:00:00,2025-02-22 08:45:26.2911795,NULL
21117,INC - ECOMMERCE WEB SALES - MTO,2407721,PCTA60237/BXC,33.99,LBS,25,99999,10/01/2023 00:00:00,2025-02-22 08:45:26.2911797,NULL
21118,INC - ECOMMERCE WEB SALES - MTO,2407721,PCTA60238/BXC,33.99,LBS,25,99999,10/01/2023 00:00:00,2025-02-22 08:45:26.2911798,NULL
21119,INC - ECOMMERCE WEB SALES - MTO,2407721,PCTA60270/BXC,33.99,LBS,25,99999,10/01/2023 00:00:00,2025-02-22 08:45:26.2911800,NULL
21120,INC - ECOMMERCE WEB SALES - MTO,2407721,PCTA60271/BXC,33.99,LBS,25,99999,10/01/2023 00:00:00,2025-02-22 08:45:26.2911802,NULL
21121,INC - ECOMMERCE WEB SALES - MTO,2407721,PCTA60279/BXC,33.99,LBS,25,99999,10/01/2023 00:00:00,2025-02-22 08:45:26.2911803,NULL
21122,INC - ECOMMERCE WEB SALES - MTO,2407721,PCTA69197/BXC,33.99,LBS,25,99999,10/01/2023 00:00:00,2025-02-22 08:45:26.2911804,NULL
21123,INC - ECOMMERCE WEB SALES - MTO,2407721,PCTA69215/BXC,33.99,LBS,25,99999,10/01/2023 00:00:00,2025-02-22 08:45:26.2911806,NULL
21124,INC - ECOMMERCE WEB SALES - MTO,2407721,PCTA69233/BXC,33.99,LBS,25,99999,10/01/2023 00:00:00,2025-02-22 08:45:26.2911807,NULL
21125,INC - ECOMMERCE WEB SALES - MTO,2407721,PCTA69234/BXC,33.99,LBS,25,99999,10/01/2023 00:00:00,2025-02-22 08:45:26.2911809,NULL
21126,INC - ECOMMERCE WEB SALES - MTO,2407721,PCTA69246/BXC,33.99,LBS,25,99999,10/01/2023 00:00:00,2025-02-22 08:45:26.2911810,NULL
21127,INC - ECOMMERCE WEB SALES - MTO,2407721,PCTA69247/BXC,33.99,LBS,25,99999,10/01/2023 00:00:00,2025-02-22 08:45:26.2911812,NULL
21128,INC - ECOMMERCE WEB SALES - MTO,2407721,PCTA69255/BXC,33.99,LBS,25,99999,10/01/2023 00:00:00,2025-02-22 08:45:26.2911813,NULL
21129,INC - ECOMMERCE WEB SALES - MTO,2407721,PCTA69277/BXC,33.99,LBS,25,99999,10/01/2023 00:00:00,2025-02-22 08:45:26.2911815,NULL
21130,INC - ECOMMERCE WEB SALES - MTO,2407721,PCTA69278/BXC,33.99,LBS,25,99999,10/01/2023 00:00:00,2025-02-22 08:45:26.2911816,NULL
21131,INC - ECOMMERCE WEB SALES - MTO,2407721,PCTA69343/BXC,33.99,LBS,25,99999,10/01/2023 00:00:00,2025-02-22 08:45:26.2911817,NULL
21132,INC - ECOMMERCE WEB SALES - MTO,2407721,PCTA69379/BXC,33.99,LBS,25,99999,10/01/2023 00:00:00,2025-02-22 08:45:26.2911819,NULL
21133,INC - ECOMMERCE WEB SALES - MTO,2407721,PCTA70238/BXC,32.89,LBS,25,99999,10/01/2023 00:00:00,2025-02-22 08:45:26.2911820,NULL
21134,INC - ECOMMERCE WEB SALES - MTO,2407721,PCTA70291/BXC,32.89,LBS,25,99999,10/01/2023 00:00:00,2025-02-22 08:45:26.2911821,NULL
21135,INC - ECOMMERCE WEB SALES - MTO,2407721,PCTA70335/BXC,32.89,LBS,25,99999,10/01/2023 00:00:00,2025-02-22 08:45:26.2911822,NULL
21136,INC - ECOMMERCE WEB SALES - MTO,2407721,PCTA70348/BXC,32.89,LBS,25,99999,10/01/2023 00:00:00,2025-02-22 08:45:26.2911824,NULL
21137,INC - ECOMMERCE WEB SALES - MTO,2407721,PCTA70352/BXC,32.89,LBS,25,99999,10/01/2023 00:00:00,2025-02-22 08:45:26.2911826,NULL
21138,INC - ECOMMERCE WEB SALES - MTO,2407721,PCTA70367/BXC,32.89,LBS,25,99999,10/01/2023 00:00:00,2025-02-22 08:45:26.2911827,NULL
21139,INC - ECOMMERCE WEB SALES - MTO,2407721,PCTA70392/BXC,32.89,LBS,25,99999,10/01/2023 00:00:00,2025-02-22 08:45:26.2911828,NULL
21140,INC - ECOMMERCE WEB SALES - MTO,2407721,PCTA70395/BXC,32.89,LBS,25,99999,10/01/2023 00:00:00,2025-02-22 08:45:26.2911830,NULL
21141,INC - ECOMMERCE WEB SALES - MTO,2407721,PCTA70396/BXC,32.89,LBS,25,99999,10/01/2023 00:00:00,2025-02-22 08:45:26.2911831,NULL
21142,INC - ECOMMERCE WEB SALES - MTO,2407721,PCTA70397/BXC,32.89,LBS,25,99999,10/01/2023 00:00:00,2025-02-22 08:45:26.2911833,NULL
21143,INC - ECOMMERCE WEB SALES - MTO,2407721,PCTA70401/BXC,32.89,LBS,25,99999,10/01/2023 00:00:00,2025-02-22 08:45:26.2911834,NULL
21144,INC - ECOMMERCE WEB SALES - MTO,2407721,PCTA70404/BXC,32.89,LBS,25,99999,10/01/2023 00:00:00,2025-02-22 08:45:26.2911836,NULL
21145,INC - ECOMMERCE WEB SALES - MTO,2407721,PCTA70414/BXC,32.89,LBS,25,99999,10/01/2023 00:00:00,2025-02-22 08:45:26.2911837,NULL
21146,INC - ECOMMERCE WEB SALES - MTO,2407721,PCTA70418/BXC,32.89,LBS,25,99999,10/01/2023 00:00:00,2025-02-22 08:45:26.2911839,NULL
21147,INC - ECOMMERCE WEB SALES - MTO,2407721,PCTA70419/BXC,32.89,LBS,25,99999,10/01/2023 00:00:00,2025-02-22 08:45:26.2911841,NULL
21148,INC - ECOMMERCE WEB SALES - MTO,2407721,PCTA70423/BXC,32.89,LBS,25,99999,10/01/2023 00:00:00,2025-02-22 08:45:26.2911842,NULL
21149,INC - ECOMMERCE WEB SALES - MTO,2407721,PCTA70425/BXC,32.89,LBS,25,99999,10/01/2023 00:00:00,2025-02-22 08:45:26.2911844,NULL
21150,INC - ECOMMERCE WEB SALES - MTO,2407721,PCTA70429/BXC,32.89,LBS,25,99999,10/01/2023 00:00:00,2025-02-22 08:45:26.2911845,NULL
21151,INC - ECOMMERCE WEB SALES - MTO,2407721,PCTA70469/BXC,32.89,LBS,25,99999,10/01/2023 00:00:00,2025-02-22 08:45:26.2911846,NULL
21152,INC - ECOMMERCE WEB SALES - MTO,2407721,PCTA70529/BXC,32.89,LBS,25,99999,10/01/2023 00:00:00,2025-02-22 08:45:26.2911848,NULL
21153,INC - ECOMMERCE WEB SALES - MTO,2407721,PCTA70536/BXC,32.89,LBS,25,99999,10/01/2023 00:00:00,2025-02-22 08:45:26.2911849,NULL
21154,INC - ECOMMERCE WEB SALES - MTO,2407721,PCTA70537/BXC,32.89,LBS,25,99999,10/01/2023 00:00:00,2025-02-22 08:45:26.2911851,NULL
21155,INC - ECOMMERCE WEB SALES - MTO,2407721,PCTA70540/BXC,32.89,LBS,25,99999,10/01/2023 00:00:00,2025-02-22 08:45:26.2911852,NULL
21156,INC - ECOMMERCE WEB SALES - MTO,2407721,PCTA70541/BXC,32.89,LBS,25,99999,10/01/2023 00:00:00,2025-02-22 08:45:26.2911854,NULL
21157,INC - ECOMMERCE WEB SALES - MTO,2407721,PCTA70543/BXC,32.89,LBS,25,99999,10/01/2023 00:00:00,2025-02-22 08:45:26.2911855,NULL
21158,INC - ECOMMERCE WEB SALES - MTO,2407721,PCTA70544/BXC,32.89,LBS,25,99999,10/01/2023 00:00:00,2025-02-22 08:45:26.2911856,NULL
21159,INC - ECOMMERCE WEB SALES - MTO,2407721,PCTA70556/BXC,32.89,LBS,25,99999,10/01/2023 00:00:00,2025-02-22 08:45:26.2911858,NULL
21160,INC - ECOMMERCE WEB SALES - MTO,2407721,PCTA70569/BXC,32.89,LBS,25,99999,10/01/2023 00:00:00,2025-02-22 08:45:26.2911859,NULL
21161,INC - ECOMMERCE WEB SALES - MTO,2407721,PCTA73252/BXC,33.99,LBS,25,99999,10/01/2023 00:00:00,2025-02-22 08:45:26.2911861,NULL
21162,INC - ECOMMERCE WEB SALES - MTO,2407721,PCTA73277/BXC,33.99,LBS,25,99999,10/01/2023 00:00:00,2025-02-22 08:45:26.2911862,NULL
21163,INC - ECOMMERCE WEB SALES - MTO,2407721,PCTA73332/BXC,33.99,LBS,25,99999,10/01/2023 00:00:00,2025-02-22 08:45:26.2911864,NULL
21164,INC - ECOMMERCE WEB SALES - MTO,2407721,PCTA73334/BXC,33.99,LBS,25,99999,10/01/2023 00:00:00,2025-02-22 08:45:26.2911865,NULL
21165,INC - ECOMMERCE WEB SALES - MTO,2407721,PCTA79158/BXC,32.89,LBS,25,99999,10/01/2023 00:00:00,2025-02-22 08:45:26.2911867,NULL
21166,INC - ECOMMERCE WEB SALES - MTO,2407721,PCTA79164/BXC,32.89,LBS,25,99999,10/01/2023 00:00:00,2025-02-22 08:45:26.2911868,NULL
21167,INC - ECOMMERCE WEB SALES - MTO,2407721,PCTA79170/BXC,32.89,LBS,25,99999,10/01/2023 00:00:00,2025-02-22 08:45:26.2911870,NULL
21168,INC - ECOMMERCE WEB SALES - MTO,2407721,PCTA79171/BXC,32.89,LBS,25,99999,10/01/2023 00:00:00,2025-02-22 08:45:26.2911871,NULL
21169,INC - ECOMMERCE WEB SALES - MTO,2407721,PCTA79247/BXC,32.89,LBS,25,99999,10/01/2023 00:00:00,2025-02-22 08:45:26.2911872,NULL
21170,INC - ECOMMERCE WEB SALES - MTO,2407721,PCTA79280/BXC,32.89,LBS,25,99999,10/01/2023 00:00:00,2025-02-22 08:45:26.2911874,NULL
21171,INC - ECOMMERCE WEB SALES - MTO,2407721,PCTA79294/BXC,32.89,LBS,25,99999,10/01/2023 00:00:00,2025-02-22 08:45:26.2911875,NULL
21172,INC - ECOMMERCE WEB SALES - MTO,2407721,PCTA79303/BXC,32.89,LBS,25,99999,10/01/2023 00:00:00,2025-02-22 08:45:26.2911877,NULL
21173,INC - ECOMMERCE WEB SALES - MTO,2407721,PCTA79374/BXC,32.89,LBS,25,99999,10/01/2023 00:00:00,2025-02-22 08:45:26.2911878,NULL
21174,INC - ECOMMERCE WEB SALES - MTO,2407721,PCTA79380/BXC,32.89,LBS,25,99999,10/01/2023 00:00:00,2025-02-22 08:45:26.2911879,NULL
21175,INC - ECOMMERCE WEB SALES - MTO,2407721,PCTA79381/BXC,32.89,LBS,25,99999,10/01/2023 00:00:00,2025-02-22 08:45:26.2911881,NULL
21176,INC - ECOMMERCE WEB SALES - MTO,2407721,PCTA79404/BXC,32.89,LBS,25,99999,10/01/2023 00:00:00,2025-02-22 08:45:26.2911882,NULL
21177,INC - ECOMMERCE WEB SALES - MTO,2407721,PCTA79406/BXC,32.89,LBS,25,99999,10/01/2023 00:00:00,2025-02-22 08:45:26.2911884,NULL
21178,INC - ECOMMERCE WEB SALES - MTO,2407721,PCTA79408/BXC,32.89,LBS,25,99999,10/01/2023 00:00:00,2025-02-22 08:45:26.2911885,NULL
21179,INC - ECOMMERCE WEB SALES - MTO,2407721,PCTA79409/BXC,32.89,LBS,25,99999,10/01/2023 00:00:00,2025-02-22 08:45:26.2911886,NULL
21180,INC - ECOMMERCE WEB SALES - MTO,2407721,PCTA79421/BXC,32.89,LBS,25,99999,10/01/2023 00:00:00,2025-02-22 08:45:26.2911888,NULL
21181,INC - ECOMMERCE WEB SALES - MTO,2407721,PCTA79443/BXC,32.89,LBS,25,99999,10/01/2023 00:00:00,2025-02-22 08:45:26.2911890,NULL
21182,INC - ECOMMERCE WEB SALES - MTO,2407721,PCTA79458/BXC,32.89,LBS,25,99999,10/01/2023 00:00:00,2025-02-22 08:45:26.2911891,NULL
21183,INC - ECOMMERCE WEB SALES - MTO,2407721,PCTA79474/BXC,32.89,LBS,25,99999,10/01/2023 00:00:00,2025-02-22 08:45:26.2911892,NULL
21184,INC - ECOMMERCE WEB SALES - MTO,2407721,PCTA79484/BXC,32.89,LBS,25,99999,10/01/2023 00:00:00,2025-02-22 08:45:26.2911894,NULL
21185,INC - ECOMMERCE WEB SALES - MTO,2407721,PCTA79497/BXC,32.89,LBS,25,99999,10/01/2023 00:00:00,2025-02-22 08:45:26.2911896,NULL
21186,INC - ECOMMERCE WEB SALES - MTO,2407721,PCTA79499/BXC,32.89,LBS,25,99999,10/01/2023 00:00:00,2025-02-22 08:45:26.2911897,NULL
21187,INC - ECOMMERCE WEB SALES - MTO,2407721,PCTA79516/BXC,32.89,LBS,25,99999,10/01/2023 00:00:00,2025-02-22 08:45:26.2911899,NULL
21188,INC - ECOMMERCE WEB SALES - MTO,2407721,PCTA79528/BXC,32.89,LBS,25,99999,10/01/2023 00:00:00,2025-02-22 08:45:26.2911900,NULL
21189,INC - ECOMMERCE WEB SALES - MTO,2407721,PCTA79531/BXC,32.89,LBS,25,99999,10/01/2023 00:00:00,2025-02-22 08:45:26.2911902,NULL
21190,INC - ECOMMERCE WEB SALES - MTO,2407721,PCTA79580/BXC,32.89,LBS,25,99999,10/01/2023 00:00:00,2025-02-22 08:45:26.2911903,NULL
21191,INC - ECOMMERCE WEB SALES - MTO,2407721,PCTA79582/BXC,32.89,LBS,25,99999,10/01/2023 00:00:00,2025-02-22 08:45:26.2911904,NULL
21192,INC - ECOMMERCE WEB SALES - MTO,2407721,PCTA79603/BXC,32.89,LBS,25,99999,10/01/2023 00:00:00,2025-02-22 08:45:26.2911906,NULL
21193,INC - ECOMMERCE WEB SALES - MTO,2407721,PCTA79604/BXC,32.89,LBS,25,99999,10/01/2023 00:00:00,2025-02-22 08:45:26.2911907,NULL
21194,INC - ECOMMERCE WEB SALES - MTO,2407721,PCTA79621/BXC,32.89,LBS,25,99999,10/01/2023 00:00:00,2025-02-22 08:45:26.2911908,NULL
21195,INC - ECOMMERCE WEB SALES - MTO,2407721,PCTA79622/BXC,32.89,LBS,25,99999,10/01/2023 00:00:00,2025-02-22 08:45:26.2911910,NULL
21196,INC - ECOMMERCE WEB SALES - MTO,2407721,PCTA79631/BXC,32.89,LBS,25,99999,10/01/2023 00:00:00,2025-02-22 08:45:26.2911911,NULL
21197,INC - ECOMMERCE WEB SALES - MTO,2407721,PCTA79633/BXC,32.89,LBS,25,99999,10/01/2023 00:00:00,2025-02-22 08:45:26.2911912,NULL
21198,INC - ECOMMERCE WEB SALES - MTO,2407721,PCTA79640/BXC,32.89,LBS,25,99999,10/01/2023 00:00:00,2025-02-22 08:45:26.2911914,NULL
21199,INC - ECOMMERCE WEB SALES - MTO,2407721,PCTA79646/BXC,32.89,LBS,25,99999,10/01/2023 00:00:00,2025-02-22 08:45:26.2911915,NULL
21200,INC - ECOMMERCE WEB SALES - MTO,2407721,PCTA79658/BXC,32.89,LBS,25,99999,10/01/2023 00:00:00,2025-02-22 08:45:26.2911917,NULL
21201,INC - ECOMMERCE WEB SALES - MTO,2407721,PCTA79660/BXC,32.89,LBS,25,99999,10/01/2023 00:00:00,2025-02-22 08:45:26.2911918,NULL
21202,INC - ECOMMERCE WEB SALES - MTO,2407721,PCTA79729/BXC,32.89,LBS,25,99999,10/01/2023 00:00:00,2025-02-22 08:45:26.2911919,NULL
21203,INC - ECOMMERCE WEB SALES - MTO,2407721,PCTA80156/BXC,32.89,LBS,25,99999,10/01/2023 00:00:00,2025-02-22 08:45:26.2911921,NULL
21204,INC - ECOMMERCE WEB SALES - MTO,2407721,PCTA80230/BXC,32.89,LBS,25,99999,10/01/2023 00:00:00,2025-02-22 08:45:26.2911922,NULL
21205,INC - ECOMMERCE WEB SALES - MTO,2407721,PCTA80246/BXC,32.89,LBS,25,99999,10/01/2023 00:00:00,2025-02-22 08:45:26.2911924,NULL
21206,INC - ECOMMERCE WEB SALES - MTO,2407721,PCTA80291/BXC,32.89,LBS,25,99999,10/01/2023 00:00:00,2025-02-22 08:45:26.2911925,NULL
21207,INC - ECOMMERCE WEB SALES - MTO,2407721,PCTA80292/BXC,32.89,LBS,25,99999,10/01/2023 00:00:00,2025-02-22 08:45:26.2911927,NULL
21208,INC - ECOMMERCE WEB SALES - MTO,2407721,PCTA80342/BXC,32.89,LBS,25,99999,10/01/2023 00:00:00,2025-02-22 08:45:26.2911928,NULL
21209,INC - ECOMMERCE WEB SALES - MTO,2407721,PCTA80353/BXC,32.89,LBS,25,99999,10/01/2023 00:00:00,2025-02-22 08:45:26.2911929,NULL
21210,INC - ECOMMERCE WEB SALES - MTO,2407721,PCTA89207/BXC,32.89,LBS,25,99999,10/01/2023 00:00:00,2025-02-22 08:45:26.2911931,NULL
21211,INC - ECOMMERCE WEB SALES - MTO,2407721,PCTA89267/BXC,32.89,LBS,25,99999,10/01/2023 00:00:00,2025-02-22 08:45:26.2911932,NULL
21212,INC - ECOMMERCE WEB SALES - MTO,2407721,PCTA89272/BXC,32.89,LBS,25,99999,10/01/2023 00:00:00,2025-02-22 08:45:36.6412038,NULL
21213,INC - ECOMMERCE WEB SALES - MTO,2407721,PCTA89289/BXC,32.89,LBS,25,99999,10/01/2023 00:00:00,2025-02-22 08:45:36.6412045,NULL
21214,INC - ECOMMERCE WEB SALES - MTO,2407721,PCTA89298/BXC,32.89,LBS,25,99999,10/01/2023 00:00:00,2025-02-22 08:45:36.6412047,NULL
21215,INC - ECOMMERCE WEB SALES - MTO,2407721,PCTA89335/BXC,32.89,LBS,25,99999,10/01/2023 00:00:00,2025-02-22 08:45:36.6412048,NULL
21216,INC - ECOMMERCE WEB SALES - MTO,2407721,PCTA89344/BXC,32.89,LBS,25,99999,10/01/2023 00:00:00,2025-02-22 08:45:36.6412050,NULL
21217,INC - ECOMMERCE WEB SALES - MTO,2407721,PCTA89347/BXC,32.89,LBS,25,99999,10/01/2023 00:00:00,2025-02-22 08:45:36.6412052,NULL
21218,INC - ECOMMERCE WEB SALES - MTO,2407721,PCTA90100/BXC,32.89,LBS,25,99999,10/01/2023 00:00:00,2025-02-22 08:45:36.6412053,NULL
21219,INC - ECOMMERCE WEB SALES - MTO,2407721,PCTA90111/BXC,33.99,LBS,25,99999,10/01/2023 00:00:00,2025-02-22 08:45:36.6412055,NULL
21220,INC - ECOMMERCE WEB SALES - MTO,2407721,PCTA90184/BXC,32.89,LBS,25,99999,10/01/2023 00:00:00,2025-02-22 08:45:36.6412056,NULL
21221,INC - ECOMMERCE WEB SALES - MTO,2407721,PCTA99153/BXC,32.89,LBS,25,99999,10/01/2023 00:00:00,2025-02-22 08:45:36.6412058,NULL
21222,INC - ECOMMERCE WEB SALES - MTO,2407721,PCTA99163/BXC,32.89,LBS,25,99999,10/01/2023 00:00:00,2025-02-22 08:45:36.6412060,NULL
21223,INC - ECOMMERCE WEB SALES - MTO,2407721,PCTA99164/BXC,32.89,LBS,25,99999,10/01/2023 00:00:00,2025-02-22 08:45:36.6412061,NULL
21224,INC - ECOMMERCE WEB SALES - MTO,2407721,PCUA20123/BXC,32.89,LBS,25,99999,10/01/2023 00:00:00,2025-02-22 08:45:36.6412064,NULL
21225,INC - ECOMMERCE WEB SALES - MTO,2407721,PCUA20124/BXC,32.89,LBS,25,99999,10/01/2023 00:00:00,2025-02-22 08:45:36.6412065,NULL
21226,INC - ECOMMERCE WEB SALES - MTO,2407721,PCUA30104/BXC,33.99,LBS,25,99999,10/01/2023 00:00:00,2025-02-22 08:45:36.6412066,NULL
21227,INC - ECOMMERCE WEB SALES - MTO,2407721,PCUA70122/BXC,32.89,LBS,25,99999,10/01/2023 00:00:00,2025-02-22 08:45:36.6412068,NULL
21228,INC - ECOMMERCE WEB SALES - MTO,2407721,PCUA90124/BXC,32.89,LBS,25,99999,10/01/2023 00:00:00,2025-02-22 08:45:36.6412069,NULL
21326,INC - ECOMMERCE WEB SALES - MTO,2407721,PCTA79745/BXC,32.89,LBS,25,99999,09/28/2023 00:00:00,2025-02-22 08:45:36.6412230,NULL
21332,INC - ECOMMERCE WEB SALES - MTO,2407721,PCTA59565/BXC,32.89,LBS,25,99999,01/01/2023 00:00:00,2025-02-22 08:45:36.6412239,NULL
21365,INC - ECOMMERCE WEB SALES - MTO,2407721,PCTA69388/BXC,33.99,LBS,25,99999,10/02/2023 00:00:00,2025-02-22 08:45:36.6412332,NULL
21370,INC - ECOMMERCE WEB SALES - MTO,2407721,PCTA69390/BXC,32.89,LBS,25,99999,10/02/2023 00:00:00,2025-02-22 08:45:36.6412338,NULL
21379,INC - ECOMMERCE WEB SALES - MTO,2407721,PCTA70119/BXC,32.89,LBS,25,99999,10/02/2023 00:00:00,2025-02-22 08:45:36.6412351,NULL
21392,INC - ECOMMERCE WEB SALES - MTO,2407721,PCTA70596/BXC,32.89,LBS,25,99999,10/02/2023 00:00:00,2025-02-22 08:45:36.6412367,NULL
21397,INC - ECOMMERCE WEB SALES - MTO,2407721,PCTA70600/BXC,32.89,LBS,25,99999,10/02/2023 00:00:00,2025-02-22 08:45:36.6412375,NULL
21402,INC - ECOMMERCE WEB SALES - MTO,2407721,PCTA70651/BXC,32.89,LBS,25,99999,10/02/2023 00:00:00,2025-02-22 08:45:36.6412382,NULL
21407,INC - ECOMMERCE WEB SALES - MTO,2407721,PCTA73301/BXC,32.89,LBS,25,99999,10/02/2023 00:00:00,2025-02-22 08:45:36.6412388,NULL
21416,INC - ECOMMERCE WEB SALES - MTO,2407721,PCTA79786/BXC,32.89,LBS,25,99999,10/02/2023 00:00:00,2025-02-22 08:45:36.6412399,NULL
21421,INC - ECOMMERCE WEB SALES - MTO,2407721,PCTA80295/BXC,32.89,LBS,25,99999,10/02/2023 00:00:00,2025-02-22 08:45:36.6412408,NULL
21426,INC - ECOMMERCE WEB SALES - MTO,2407721,PCTA80358/BXC,32.89,LBS,25,99999,10/02/2023 00:00:00,2025-02-22 08:45:36.6412414,NULL
21431,INC - ECOMMERCE WEB SALES - MTO,2407721,PCTA80404/BXC,32.89,LBS,25,99999,10/02/2023 00:00:00,2025-02-22 08:45:36.6412420,NULL
21436,INC - ECOMMERCE WEB SALES - MTO,2407721,PCTA89296/BXC,32.89,LBS,25,99999,10/02/2023 00:00:00,2025-02-22 08:45:36.6412427,NULL
21441,INC - ECOMMERCE WEB SALES - MTO,2407721,PCTA89348/BXC,32.89,LBS,25,99999,10/02/2023 00:00:00,2025-02-22 08:45:36.6412433,NULL
21502,INC - ECOMMERCE WEB SALES - MTO,2407721,PCSA79109/BXC,32.89,LBS,25,99999,10/02/2023 00:00:00,2025-02-22 08:45:36.6412535,NULL
21511,INC - ECOMMERCE WEB SALES - MTO,2407721,PCTA20467/BXC,32.89,LBS,25,99999,10/02/2023 00:00:00,2025-02-22 08:45:36.6412547,NULL
21516,INC - ECOMMERCE WEB SALES - MTO,2407721,PCTA20472/BXC,32.89,LBS,25,99999,10/02/2023 00:00:00,2025-02-22 08:45:36.6412553,NULL
21521,INC - ECOMMERCE WEB SALES - MTO,2407721,PCTA29349/BXC,32.89,LBS,25,99999,10/02/2023 00:00:00,2025-02-22 08:45:36.6412559,NULL
21534,INC - ECOMMERCE WEB SALES - MTO,2407721,PCTA29563/BXC,32.89,LBS,25,99999,10/02/2023 00:00:00,2025-02-22 08:45:36.6412574,NULL
21539,INC - ECOMMERCE WEB SALES - MTO,2407721,PCTA29760/BXC,32.89,LBS,25,99999,10/02/2023 00:00:00,2025-02-22 08:45:36.6412580,NULL
21544,INC - ECOMMERCE WEB SALES - MTO,2407721,PCTA30112/BXC,33.99,LBS,25,99999,10/02/2023 00:00:00,2025-02-22 08:45:36.6412586,NULL
21549,INC - ECOMMERCE WEB SALES - MTO,2407721,PCTA30291/BXC,32.89,LBS,25,99999,10/02/2023 00:00:00,2025-02-22 08:45:36.6412591,NULL
21558,INC - ECOMMERCE WEB SALES - MTO,2407721,PCTA39420/BXC,33.99,LBS,25,99999,10/02/2023 00:00:00,2025-02-22 08:45:36.6412602,NULL
21580,INC - ECOMMERCE WEB SALES - MTO,2407721,PCTA73350/BXC,33.99,LBS,25,99999,11/02/2023 00:00:00,2025-02-22 08:45:36.6412629,NULL
21613,INC - ECOMMERCE WEB SALES - MTO,2407721,PCMA50108/BXC,33.99,LBS,25,99999,11/16/2023 00:00:00,2025-02-22 08:45:36.6412678,NULL
21638,INC - ECOMMERCE WEB SALES - MTO,2407721,PCTA40221/BXC,32.89,LBS,25,99999,12/12/2023 00:00:00,2025-02-22 08:45:36.6412710,NULL
